AbandonodepersonaArt106párr1ro;Abandono de persona - Art.106 párr. 1ro
AbandonodepersonaagravadoporelvínculoArt107;Abandono de persona agravado por el vínculo - Art.107
AbandonodepersonaseguidademuerteArt106infine;Abandono de persona seguida de muerte - Art.106 in fine
AbandonodePersonasseguidademuerteArt106infine;Abandono de persona seguida de muerte - Art.106 in fine
AbigeatoArt167ter;Abigeato - Art.167 ter
AbigeatoagravadoArt167terpárr2do;Abigeato agravado - Art.167 ter párr. 2do
Abigeatoagravado(funcionariopúblico)Art167quaterInc4º;Abigeato agravado (funcionario público) - Art.167 quater Inc.4º
Abigeatoagravado(robodeganado)Art167quaterInc1º;Abigeato agravado (robo de ganado) - Art.167 quater Inc.1º
Abigeatoagravado(participaciónde3personas)Art167quaterInc6º;Abigeato agravado (participación de 3 personas) - Art.167 quater Inc.6º
Abigeatoagravado(usodedocumentaciónfalsa)Art167quaterInc3º;Abigeato agravado (uso de documentación falsa) - Art.167 quater Inc.3º
AbigeatoagravadoporelautorArt167quinque;Abigeato agravado por el autor - Art.167 quinque
AbortodelamujerpropiooconsentidoArt88;Aborto de la mujer propio o consentido - Art.88
AbortoconconsentimientodelamujerArt85Inc2º;Aborto con consentimiento de la mujer - Art.85 Inc.2º
AbortosinconsentimientodelamujerArt85Inc1º;Aborto sin consentimiento de la mujer - Art.85 Inc.1º
Abusodearmasagravado(artículo80)Art105;Abuso de armas agravado (artículo 80) - Art.105
AbusodearmasenestadodeemociónviolentaArt105;Abuso de armas en estado de emoción violenta - Art.105
AbusodeautoridadArt248;Abuso de autoridad - Art.248
AbusosexualArt119párr1ro;Abuso sexual - Art.119 párr. 1ro
AbusosexualagravadoArt119párr5to;Abuso sexual agravado - Art 119 párr. 5to
AbusosexualconaccesocarnalArt119párr3ro;Abuso sexual con acceso carnal - Art.119 párr. 3ro
AbusosexualconaccesocarnalagravadoArt119párr4to;Abuso sexual con acceso carnal agravado - Art.119 párr. 4to
AbusosexualgravementeultrajanteArt119párr2do;Abuso sexual gravemente ultrajante - Art.119 párr. 2do
AbusosexualseguidodemuerteArt124;Abuso sexual seguido de muerte - Art.124
AccesoilegalaunbancodedatospersonalesArt157bisInc1º;Acceso ilegal a un banco de datos personales - Art.157 bis Inc.1º
AccesoindebidoasistemaodatoinformáticodeaccesorestringidoArt153bis;Acceso indebido a sistema o dato informático de acceso restringido - Art.153 bis
AccesoindebidoasistemaodatoinformáticodeaccesorestringidoagravadoArt153bisinfine;Acceso indebido a sistema o dato informático de acceso restringido agravado - Art.153 bis in fine
Acopiodearmasdefuego,piezasomuniciones,otenenciadeinstrumentalparaproducirlasArt189bisInc3º;Acopio de armas de fuego, piezas o municiones, o tenencia de instrumental para producirlas - Art.189 bis Inc.3º
AdulteraciónosupresiónenlanumeraciónograbadodearmasdefuegoArt189bisInc5ºinfine;Adulteración o supresión en la numeración o grabado de armas de fuego - Art.189 bis Inc.5º in fine
AgresiónconarmaArt104infine;Agresión con arma - Art.104 in fine
AllanamientoilegalArt151;Allanamiento ilegal - Art.151
AlteraciónosupresióndeestadocivilArt138;Alteración o supresión de estado civil - Art.138
Alteraciónpeligrosadeaguaspotables,alimentosomedicinasArt200;Alteración peligrosa de aguas potables, alimentos o medicinas - Art.200
Alteraciónpeligrosadeaguaspotables,alimentosomedicinasconlesionesgravesArt201bis;Alteración peligrosa de aguas potables, alimentos o medicinas con lesiones graves - Art.201 bis
AmenazasArt149bis;Amenazas - Art.149 bis
AmenazasagravadasArt149bispárr2do;Amenazas agravadas - Art.149 bis párr. 2do
ApropiacióndecosaajenahabidaporerrorocasofortuitoArt175Inc2º;Apropiación de cosa ajena habida por error o caso fortuito - Art.175 Inc.2º
ApropiacióndecosaperdidaotesoroArt175Inc1º;Apropiación de cosa perdida o tesoro - Art.175 Inc.1º
ApropiacióndeprendaArt175Inc3º;Apropiación de prenda - Art.175 Inc.3º
AsociaciónilícitaArt210;Asociación ilícita - Art.210
AtentadoscontraelordenconstitucionalylavidademocráticaArt226;Atentados contra el orden constitucional y la vida democrática - Art.226
AtentadocontralaautoridadArt237;Atentado contra la autoridad - Art.237
AtentadocontralaautoridadagravadoporlacomisiónamanoarmadaArt238Inc1º;Atentado contra la autoridad agravado por la comisión a mano armada - Art.238 Inc.1º
AtentadocontralaautoridadagravadoporlacomisiónporfuncionariopúblicoArt238Inc3º;Atentado contra la autoridad agravado por la comisión por funcionario público - Art.238 Inc.3º
AtentadoferroviarioArt191Inc1º;Atentado ferroviario - Art.191 Inc.1º
AtentadoferroviarioconlesionadosArt191Inc3º;Atentado ferroviario con lesionados - Art.191 Inc.3º
Autolesiones;Autolesiones
Averiguacióndecausalesdemuerte;Averiguación de causales de muerte
AveriguacióndeIlícito;Averiguación de Ilícito
Averiguacióndeparadero;Averiguación de paradero
CalumniasArt109;Calumnias - Art.109
Captaciónpormediostecnológicosdemenordeedadconfinessexuales(Grooming)Art131;Captación por medios tecnológicos de menor de edad con fines sexuales (Grooming) - Art.131
CercenamientooalteracióndemonedaArt283;Cercenamiento o alteración de moneda - Art.283
CirculacióndemonedafalsarecibidadebuenafeArt284;Circulación de moneda falsa recibida de buena fe - Art.284
CircunvencióndeincapacesArt174Inc2º;Circunvención de incapaces - Art.174 Inc.2º
CoacciónArt149bisinfine;Coacción - Art.149 bis in fine
CoacciónagravadaArt149ter;Coacción agravada - Art.149 ter
CohechoactivoArt258;Cohecho activo - Art.258
CohechoagravadoporlacalidaddelautorArt257;Cohecho agravado por la calidad del autor - Art.257
CoechoagravadoporlacalidaddelautorArt257;Cohecho agravado por la calidad del autor - Art.257
CohechopasivoArt256;Cohecho pasivo - Art.256
Comisióndedelitodeacciónpública;Comisión de delito de acción pública
CompulsiónalahuelgaArt158;Compulsión a la huelga - Art.158
ConcurrenciadeslealArt159;Concurrencia desleal - Art.159
CorrupcióndeMenoresAgravada(menorde13años)Art125párr2do;Corrupción de Menores Agravada (menor de 13 años) - Art.125 párr. 2do
CorrupcióndeMenoresAgravada(porelmediooporelvínculo)Art125párr3ro;Corrupción de Menores Agravada (por el medio o por el vínculo) - Art.125 párr. 3ro
CorrupcióndeMenoresde18añosArt125párr1ro;Corrupción de Menores de 18 años - Art.125 párr. 1ro
DañoArt183;Daño - Art.183
DañoagravadoporelfindeimpedirellibreejerciciodelaautoridadArt184Inc1º;Daño agravado por el fin de impedir el libre ejercicio de la autoridad - Art.184 Inc.1º
DañoagravadoporelempleodesustanciasvenenosasocorrosivasArt184Inc3º;Daño agravado por el empleo de sustancias venenosas o corrosivas - Art.184 Inc.3º
Dañoagravadoporserejecutadosencosasdevalorcientífico,culturaloenbienesdeusopúblicoArt184Inc5º;Daño agravado por ser ejecutados en cosas de valor científico, cultural o en bienes de uso público - Art.184 Inc.5º
DañoagravadoporsucomisiónendespobladoyenbandaArt184Inc4º;Daño agravado por su comisión en despoblado y en banda - Art.184 Inc.4º
DañoAgravadoporsucomisiónensistemasInformáticosArt184Inc6º;Daño Agravado por su comisión en sistemas Informáticos - Art.184 Inc.6º
DañoagravadoporelfindeproducirinfecciónocontagioenanimalesdomésticosArt184Inc2º;Daño agravado por el fin de producir infección o contagio en animales domésticos - Art.184 Inc.2º
DañoInformáticoArt183infine;Daño Informático - Art.183 in fine
DefraudaciónHurtoimpropioArt173Inc5º;Defraudación - Hurto impropio - Art.173 Inc.5º
Defraudaciónenlasustancia,calidadocantidaddelascosasArt173Inc1º;Defraudación en la sustancia, calidad o cantidad de las cosas - Art.173 Inc.1º
DefraudaciónInformáticaArt173Inc16º;Defraudación Informática - Art.173 Inc.16º
DefraudaciónporabusodefirmaenblancoArt173Inc4º;Defraudación por abuso de firma en blanco - Art.173 Inc.4º
DefraudaciónporadministraciónfraudulentaArt173Inc7º;Defraudación por administración fraudulenta - Art.173 Inc.7º
DefraudaciónporautorcalificadoArt173Inc12º;Defraudación por autor calificado - Art.173 Inc.12º
DefraudaciónporcontratosimuladoofalsosrecibosArt173Inc6º;Defraudación por contrato simulado o falsos recibos - Art.173 Inc.6º
DefraudaciónpordesbaratamientodederechosacordadosArt173Inc11º;Defraudación por desbaratamiento de derechos acordados - Art.173 Inc.11º
DefraudaciónporejecuciónextrajudicialdeinmueblesArt173Inc13º;Defraudación por ejecución extrajudicial de inmuebles - Art.173 Inc.13º
DefraudaciónporretenciónindebidaArt173Inc2º;Defraudación por retención indebida - Art.173 Inc.2º
DesapariciónforzadadepersonaArt142terIncterpárr1ro;Desaparición forzada de persona - Art.142 ter Inc.ter párr. 1ro
DefraudaciónporsuscripciónengañosadedocumentoArt173Inc3º;Defraudación por suscripción engañosa de documento - Art.173 Inc.3º
Defraudaciónporusoilícitodetarjetasdecompra,débitoocréditoArt173Inc15º;Defraudación por uso ilícito de tarjetas de compra, débito o crédito - Art.173 Inc.15º
Denuncia;Denuncia
Descarrilamiento,naufragiooaccidenteculposoArt196;Descarrilamiento, naufragio o accidente culposo - Art.196
DesaparicióndemenordediezañosArt147;Desaparición de menor de diez años - Art.147
DesobedienciaArt239;Desobediencia - Art.239
DestrucciónoalteracióndetérminosolímitesArt181Inc2º;Destrucción o alteración de términos o límites - Art.181 Inc.2º
DisparodearmadefuegoArt104;Disparo de arma de fuego - Art.104
EmisiónoaceptacióndefacturasdecréditofalsasArt298bis;Emisión o aceptación de facturas de crédito falsas - Art.298 bis
EjercicioilegaldelamedicinaporpréstamodenombreArt208Inc3º;Ejercicio ilegal de la medicina por préstamo de nombre - Art.208 Inc.3º
EncubrimientoArt277Inc1º;Encubrimiento - Art.277 Inc.1º
EncubrimientoagravadoporánimodelucroArt277Inc3º;Encubrimiento agravado por ánimo de lucro - Art.277 Inc.3º
EncubrimientoagravadopordelitograveArt277Inc3º;Encubrimiento agravado por delito grave - Art.277 Inc.3º
EncubrimientoagravadoporserfuncionariopúblicoArt277Inc3º;Encubrimiento agravado por ser funcionario público - Art.277 Inc.3º
EntorpecimientodetransporteoserviciopúblicoArt194;Entorpecimiento de transporte o servicio público - Art.194
EntregaindebidadearmadefuegoArt189bisInc4º;Entrega indebida de arma de fuego - Art.189 bis Inc.4º
EstafaArt172;Estafa - Art.172
EstafadeseguroypréstamoalagruesaArt174Inc1º;Estafa de seguro y préstamo a la gruesa - Art.174 Inc.1º
EstelionatoArt173Inc9º;Estelionato - Art.173 Inc.9º
EstragoArt187;Estrago - Art.187
EstupefacientesAplicarofacilitarestupefacientes(art5°inccLey23737);Estupefacientes - Aplicar o facilitar estupefacientes (art. 5° inc. c - Ley 23.737)
EstupefacientesComercializaciónpropiamentedicha(art5inccLey23737);Estupefacientes - Comercialización propiamente dicha (art. 5 inc. c - Ley 23.737)
EstupefacientesDistribuír,darenpago,almacenarotransportarestupefaciente(art5°inccLey23737);Estupefacientes - Distribuír, dar en pago, almacenar o transportar estupefaciente (art. 5° inc. c - Ley 23.737)
EstupefacientesEntregaosuministroatítulogratuito(art5inceLey23737);Estupefacientes - Entrega o suministro a título gratuito (art. 5 inc. e - Ley 23.737)
EstupefacientesEntregaosuministroatítulooneroso(art5inceLey23737);Estupefacientes - Entrega o suministro a título oneroso (art. 5 inc. e - Ley 23.737)
EstupefacientesInfracciónart204;Estupefacientes - Infracción art. 204
EstupefacientesInfracciónart204bis;Estupefacientes - Infracción art. 204 bis
EstupefacientesInfracciónart204terdelaLey23737;Estupefacientes - Infracción art. 204 ter de la Ley 23.737
EstupefacientesInfracciónart204cuater;Estupefacientes - Infracción art. 204 cuater
EstupefacientesInfracciónart5°penúltimopárrafodelaley23737;Estupefacientes - Infracción art. 5° penúltimo párrafo de la ley 23.737
EstupefacientesInfracciónart5°últimopárrafodelaley23737;Estupefacientes - Infracción art. 5° último párrafo de la ley 23.737
Estupefacientessiembraocultivooguardadesemillasparalaproduccióndesustanciasestupefacientes(art5incaley23737);Estupefacientes - siembra o cultivo o guarda de semillas para la producción de sustancias estupefacientes (art. 5 inc. a ley 23737)
EstupefacientesTenenciaconfinesdecomercialización(art5inccLey23737);Estupefacientes - Tenencia con fines de comercialización (art. 5 inc. c - Ley 23.737)
EstupefacientesTenenciaparaconsumopersonal(art14segundoparrafoLey23737);Estupefacientes - Tenencia para consumo personal (art. 14 segundo parrafo - Ley 23.737)
EstupefacientesTenenciasimple(art14primerpárrafoLey23737);Estupefacientes - Tenencia simple (art. 14 primer párrafo - Ley 23.737)
EstuproArt120párr1ro;Estupro - Art.120 párr. 1ro
EstuproAgravadoArt120párr2do;Estupro Agravado - Art.120 párr. 2do
EvasiónArt280;Evasión - Art.280
ExaccionesilegalesArt266;Exacciones ilegales - Art.266
ExaccionesilegalesagravadasporelmedioempleadoArt267;Exacciones ilegales agravadas por el medio empleado - Art.267
ExhibicionesobscenasArt129párr1ro;Exhibiciones obscenas - Art.129 párr. 1ro
ExhibicionesobscenasagravadasArt129párr2do;Exhibiciones obscenas agravadas - Art.129 párr. 2do
ExpedicióndecertificadosmédicosfalsosArt295;Expedición de certificados médicos falsos - Art.295
ExplotacióneconómicadelejerciciodelaprostitucióndemayoresArt127párr1ro;Explotación económica del ejercicio de la prostitución de mayores - Art.127 párr. 1ro
ExplotacióneconómicadelejerciciodelaprostitucióndemayoresAgravadaArt127párr2do;Explotación económica del ejercicio de la prostitución de mayores Agravada - Art.127 párr. 2do
Explotacióneconómicadelejerciciodelaprostitucióndemenoresde18añosArt127infine;Explotación económica del ejercicio de la prostitución de menores de 18 años - Art.127 in fine
ExtorsiónArt168;Extorsión - Art.168
ExtorsiónporchantageArt169;Extorsión por chantage - Art.169
Facilitamientodelaccesoaespectáculospornográficososuministrodematerialpornográficoamenoresde14añosArt128párr3ro;Facilitamiento del acceso a espectáculos pornográficos o suministro de material pornográfico a menores de 14 años - Art.128 párr. 3ro
FalsadenunciaArt245;Falsa denuncia - Art.245
Falsificacióndemarcas,contraseñasofirmasArt289Inc1º;Falsificación de marcas, contraseñas o firmas - Art.289 Inc.1º
Falsificacióndesellos,timbresymarcasagravadoporlacalidaddelautorArt291;Falsificación de sellos, timbres y marcas agravado por la calidad del autor - Art.291
FalsificacióndemonedaArt282;Falsificación de moneda - Art.282
FalsificacióndesellosoficialesArt288Inc1º;Falsificación de sellos oficiales - Art.288 Inc.1º
FalsificaciónoadulteraciónideológicadedocumentosArt293;Falsificación o adulteración ideológica de documentos - Art.293
FalsificaciónoadulteraciónideológicadedocumentosagravadaArt293infine;Falsificación o adulteración ideológica de documentos agravada - Art.293 in fine
FalsificaciónoadulteraciónmaterialdedocumentosArt292;Falsificación o adulteración material de documentos - Art.292
FalsificaciónoadulteraciónmaterialdedocumentosagravadaArt292infine;Falsificación o adulteración material de documentos agravada - Art.292 in fine
FalsificaciónuomisiónmaliciosadedatosArt2683párr3ro;Falsificación u omisión maliciosa de datos - Art.268 3 párr. 3ro
Falsificación,alteraciónosupresióndelanumeracióndeunobjetoregistrableArt289Inc3º;Falsificación, alteración o supresión de la numeración de un objeto registrable - Art.289 Inc.3º
FalsotestimonioArt275;Falso testimonio - Art.275
FraudecomercialoindustrialArt174Inc6º;Fraude comercial o industrial - Art.174 Inc.6º
FraudeenperjuiciodelaadministraciónpúblicaArt174Inc5º;Fraude en perjuicio de la administración pública - Art.174 Inc.5º
Hallazgo;Hallazgo
Hallazgodeautomotor;Hallazgo de automotor
Hallazgodemotovehículo;Hallazgo de moto vehículo
HomicidioArt79;Homicidio - Art.79
HomicidioagravadocriminiscausaArt80Inc7º;Homicidio agravado criminis causa - Art.80 Inc.7º
HomicidioagravadoporconcursopremeditadodedosomáspersonasArt80Inc6º;Homicidio agravado por concurso premeditado de dos o más personas - Art.80 Inc.6º
HomicidioagravadoporelvínculoArt80Inc1º;Homicidio agravado por el vínculo - Art.80 Inc.1º
HomicidioculposoArt84;Homicidio culposo - Art.84
Homicidiodeunamujercometidoporunhombremediandoviolenciadegénero(Femicidio)Art80Inc11°;Homicidio de una mujer cometido por un hombre mediando violencia de género (Femicidio) - Art.80 Inc.11°
HomicidioenestadodeemociónviolentaArt81Inc1a);Homicidio en estado de emoción violenta - Art.81 Inc.1 a)
HomicidioenocasiónderoboArt165;Homicidio en ocasión de robo - Art.165
HomicidioenriñaArt95;Homicidio en riña - Art.95
HomicidiopreterintencionalArt81Inc1B);Homicidio preterintencional - Art.81 Inc.1 B)
HurtoArt162;Hurto - Art.162
Hurtoagravado(calamitoso)Art163Inc2º;Hurto agravado (calamitoso) - Art.163 Inc.2º
Hurtoagravado(campestre)Art163Inc1º;Hurto agravado (campestre) - Art.163 Inc.1º
Hurtoagravado(conescalamiento)Art163Inc4º;Hurto agravado (con escalamiento) - Art.163 Inc.4º
Hurtoagravado(conganzúa,llavefalsa,uotroinstrumento)Art163Inc3º;Hurto agravado (con ganzúa, llave falsa, u otro instrumento) - Art.163 Inc.3º
Hurtoagravado(mercaderíaentránsito)Art163Inc5º;Hurto agravado (mercadería en tránsito) - Art.163 Inc.5º
Hurtoagravado(vehículodejadoenlavíapública)Art163Inc6º;Hurto agravado (vehículo dejado en la vía pública) - Art.163 Inc.6º
HurtoagravadoporlacalidaddeautorArt163bis;Hurto agravado por la calidad de autor - Art.163 bis
ImpedimentooestorboalacirculacióndepublicacionesArt161;Impedimento o estorbo a la circulación de publicaciones - Art.161
ImpedimentooturbacióndereuniónlícitaArt160;Impedimento o turbación de reunión lícita - Art.160
IncendioodestruccióndebienesruralesArt186Inc2º;Incendio o destrucción de bienes rurales - Art.186 Inc.2º
IncendiooestragoculposoArt189;Incendio o estrago culposo - Art.189
IncendiooestragoculposoagravadoArt189infine;Incendio o estrago culposo agravado - Art.189 in fine
Incendio,explosiónoinundaciónconpeligrocomúnparalosbienesArt186Inc1º;Incendio, explosión o inundación con peligro común para los bienes - Art.186 Inc.1º
Incendio,explosiónoinundaciónconpeligrodemuerteArt186Inc4º;Incendio, explosión o inundación con peligro de muerte - Art.186 Inc.4º
Incendio,explosiónoinundaciónconpeligroparabienesdeterminadosArt186Inc3º;Incendio, explosión o inundación con peligro para bienes determinados - Art.186 Inc.3º
Incendio,explosiónoinundaciónseguidodemuerteArt186Inc5º;Incendio, explosión o inundación seguido de muerte - Art.186 Inc.5º
IncitaciónalaviolenciacolectivaArt212;Incitación a la violencia colectiva - Art.212
IncumplimientodelosdeberesdefuncionariopúblicoArt248infine;Incumplimiento de los deberes de funcionario público - Art.248 in fine
Inducciónalafugadeunmenor,mayordediezymenordequinceañosArt148;Inducción a la fuga de un menor, mayor de diez y menor de quince años - Art.148
InfracciónLeynº13944(IncumplimientodeberesdeAsistenciaFamiliar);Infracción Ley nº 13.944 (Incumplimiento deberes de Asistencia Familiar)
InfracciónLeynº14346(Malostratosyactosdecrueldadalosanimales);Infracción Ley nº 14.346 (Malos tratos y actos de crueldad a los animales)
InfracciónLeynº22421(ConservacióndelaFauna);Infracción Ley nº 22.421 (Conservación de la Fauna)
InfracciónLeynº23592(PenalizacióndeActosDiscriminatorios);Infracción Ley nº 23.592 (Penalización de Actos Discriminatorios)
InfracciónLeynº24051(LeydeResiduosPeligrosos);Infracción Ley nº 24.051 (Ley de Residuos Peligrosos)
InfracciónLeynº24192(ViolenciaenEspectáculosDeportivos);Infracción Ley nº 24.192 (Violencia en Espectáculos Deportivos)
InfracciónLeynº25156(DefensadelConsumidor);Infracción Ley nº 25.156 (Defensa del Consumidor)
InfracciónLeynº24270(ImpedimentodeContacto);Infracción Ley nº 24.270 (Impedimento de Contacto)
InfracciónLeynº25761(DesarmadodeAutomotores);Infracción Ley nº 25.761 (Desarmado de Automotores)
InjuriasArt110;Injurias - Art.110
InstigaciónpúblicaacometerdelitosdeterminadosArt209;Instigación pública a cometer delitos determinados - Art.209
InstigaciónyayudaalsuicidioArt83;Instigación y ayuda al suicidio - Art.83
InterrupciónoentorpecimientodecomunicacionestelegráficasotelefónicasArt197;Interrupción o entorpecimiento de comunicaciones telegráficas o telefónicas - Art.197
IntimidaciónpúblicaArt211;Intimidación pública - Art.211
IntimidaciónpúblicaagravadaArt211infine;Intimidación pública agravada - Art.211 in fine
JuegoClandestinoArt301bis;Juego Clandestino - Art. 301 bis
Lesionesagravadasartículo89Art92;Lesiones agravadas artículo 89 - Art.92
Lesionesagravadasartículo90Art92;Lesiones agravadas artículo 90 - Art.92
Lesionesagravadasartículo91Art92;Lesiones agravadas artículo 91 - Art.92
LesionesculposasArt94;Lesiones culposas - Art.94
LesionesculposasagravadasporpluralidaddevíctimasArt94infine;Lesiones culposas agravadas por pluralidad de víctimas - Art.94 in fine
LesionesculposasconduccióndevehículoautomotoragravadasporconsumodeestupefacientesoalcoholArt94bispárr2do;Lesiones culposas - conducción de vehículo automotor agravadas por consumo de estupefacientes o alcohol - Art 94 bis párr. 2do
LesionesculposasconduccióndevehículoautomotoragravadasporculpatemerariaArt94bispárr2do;Lesiones culposas - conducción de vehículo automotor agravadas por culpa temeraria - Art 94 bis párr. 2do
LesionesculposasconduccióndevehículoautomotoragravadasporexcesodevelocidadArt94bispárr2do;Lesiones culposas - conducción de vehículo automotor agravadas por exceso de velocidad - Art 94 bis párr. 2do
LesionesculposasconduccióndevehículoautomotoragravadasporlafugaoausenciadesocorroalavíctimaArt94bispárr2do;Lesiones culposas - conducción de vehículo automotor agravadas por la fuga o ausencia de socorro a la víctima - Art 94 bis párr. 2do
LesionesculposasconduccióndevehículoautomotoragravadasporlapluralidaddevíctimasfatalesArt94bispárr2do;Lesiones culposas - conducción de vehículo automotor agravadas por la pluralidad de víctimas fatales - Art 94 bis párr. 2do
LesionesculposasconduccióndevehículoautomotoragravadasporlaviolacióndesemáforoodelasseñalestránsitoArt94bispárr2do;Lesiones culposas - conducción de vehículo automotor agravadas por la violación de semáforo o de las señales tránsito - Art 94 bis párr. 2do
LesionesculposasconduccióndevehículoautomotoragravadaspornocontarconlahabilitacióndelaautoridadcompetenteArt94bispárr2do;Lesiones culposas - conducción de vehículo automotor agravadas por no contar con la habilitación de la autoridad competente - Art 94 bis párr. 2do
LesionesculposasconduccióndevehículoautomotorArt94bis;Lesiones culposas - conducción de vehículo automotor-Art 94 bis
LesionesculposasagravadasArt94;Lesiones culposas agravadas - Art.94
Lesionesenestadodeemociónviolentaartículo89Art93;Lesiones en estado de emoción violenta artículo 89 - Art.93
LesionesculposasagravadasporconduccióndevehículoautomotorArt94infine;Lesiones culposas agravadas por conducción de vehículo automotor - Art.94 in fine
LesionesgravesArt90;Lesiones graves - Art.90
LesionesgravesogravísimasenriñaArt95;Lesiones graves o gravísimas en riña - Art.95
LesionesgravísimasArt91;Lesiones gravísimas - Art.91
LesioneslevesArt89;Lesiones leves - Art.89
LesioneslevesenriñaArt96;Lesiones leves en riña - Art.96
LibramientodechequeconimposibilidadlegaldepagoArt302Inc2º;Libramiento de cheque con imposibilidad legal de pago - Art.302 Inc.2º
MalversacióndecaudalespúblicosArt260;Malversación de caudales públicos - Art.260
MalversacióndecaudalespúblicosculposaArt262;Malversación de caudales públicos culposa - Art.262
NegativaaentregarbienesArt264infine;Negativa a entregar bienes - Art.264 in fine
OrganizaciónopromocióndepruebasilegalesdevelocidadconvehículoautomotorArt193bisinfine;Organización o promoción de pruebas ilegales de velocidad con vehículo automotor - Art.193 bis in fine
PeculadodecaudalesoefectosArt261;Peculado de caudales o efectos - Art.261
PortaciónilegaldearmadefuegodeusocivilArt189bisInc2ºpárr3ro;Portación ilegal de arma de fuego de uso civil - Art.189 bis Inc.2º párr. 3ro
PortacionilegaldearmadeguerraArt189bisInc2ºpárr4to;Portacion ilegal de arma de guerra - Art.189 bis Inc.2º párr. 4to
PrivaciónabusivadelalibertadArt144bisInc1º;Privación abusiva de la libertad - Art.144 bis Inc.1º
Privaciónabusivadelalibertad,vejaciones,severidades,apremiosilegalesagravadosArt144bisinfine;Privación abusiva de la libertad, vejaciones, severidades, apremios ilegales agravados - Art.144 bis in fine
PrivaciónilegaldelalibertadArt141;Privación ilegal de la libertad - Art.141
PrivaciónilegaldelalibertadagravadaArt142Inc1º;Privación ilegal de la libertad agravada - Art.142 Inc.1º
PrivaciónilegaldelalibertadagravadaArt142Inc2º;Privación ilegal de la libertad agravada - Art.142 Inc.2º
PrivaciónilegaldelalibertadagravadaArt142Inc5º;Privación ilegal de la libertad agravada - Art.142 Inc.5º
Producción,comercialización,etcderepresentacióndemenoresde18añosdedicadosaactividadessexualesArt128párr1ro;Producción, comercialización, etc. de representación de menores de 18 años dedicados a actividades sexuales - Art.128 párr. 1ro
PromociónofacilitacióndelaprostitucióndemayoresArt125bis;Promoción o facilitación de la prostitución de mayores - Art.125 bis
PromociónofacilitacióndelaprostitucióndemayoresAgravadaArt126;Promoción o facilitación de la prostitución de mayores Agravada - Art.126
Promociónofacilitacióndelaprostitucióndemenoresde18añosArt126infine;Promoción o facilitación de la prostitución de menores de 18 años - Art.126 in fine
PropagacióndeunaenfermedadpeligrosaycontagiosaArt202;Propagación de una enfermedad peligrosa y contagiosa - Art.202
PropagacióndeunaenfermedadpeligrosaycontagiosaculposoArt203;Propagación de una enfermedad peligrosa y contagiosa culposo - Art.203
PropagacióndeunaenfermedadpeligrosaycontragiosaculposoArt203;Propagación de una enfermedad peligrosa y contagiosa culposo - Art.203
ProvocacióndehostilidadesodeenemistadinternacionalArt219;Provocación de hostilidades o de enemistad internacional - Art.219
PruebailegaldevelocidadconunvehículoautomotorArt193bis;Prueba ilegal de velocidad con un vehículo automotor - Art.193 bis
PublicaciónoreproduccióndecalumniasoinjuriasArt113;Publicación o reproducción de calumnias o injurias - Art.113
QuebrantamientodepenadeinhabilitaciónArt281bis;Quebrantamiento de pena de inhabilitación - Art.281 bis
RaptoArt130párr1ro;Rapto - Art.130 párr. 1ro
Reducciónaesclavitudoservidumbre,trabajosforzadosocontraermatrimonioservilArt140;Reducción a esclavitud o servidumbre, trabajos forzados o contraer matrimonio servil - Art.140
ResistenciaalaautoridadArt239;Resistencia a la autoridad - Art.239
RoboArt164;Robo - Art.164
RoboAgravado(calamitoso)enrelaciónalart163inc2Art167Inc4º;Robo Agravado (calamitoso) - en relación al art. 163 inc. 2 - Art.167 Inc.4º
RoboAgravado(campestre)enrelaciónalart163inc1Art167Inc4º;Robo Agravado (campestre) - en relación al art. 163 inc.1 - Art.167 Inc.4º
Roboagravado(comisiónconefracción)Art167Inc3º;Robo agravado (comisión con efracción) - Art.167 Inc.3º
Roboagravado(comisiónendespobladoyenbanda)Art166Inc2ºinfine;Robo agravado (comisión en despoblado y en banda) - Art.166 Inc.2º in fine
Roboagravado(comisiónendespoblado)Art167Inc1º;Robo agravado (comisión en despoblado) - Art.167 Inc.1º
Roboagravado(comisiónenpobladoyenbanda)Art167Inc2º;Robo agravado (comisión en poblado y en banda) - Art.167 Inc.2º
RoboAgravado(conescalamiento)enrelaciónalart163inc4Art167Inc4º;Robo Agravado (con escalamiento) - en relación al art. 163 inc.4 - - Art.167 Inc.4º
RoboAgravado(conganzúa,llavefalsa,uotroinstrumento)enrelaciónalart163inc3Art167Inc4º;Robo Agravado (con ganzúa, llave falsa, u otro instrumento) - en relación al art. 163 inc.3 - Art.167 Inc.4º
Roboagravado(integrantedelasfuerzasdeseguridad,policialesodelServPeniten)Art167bis;Robo agravado (integrante de las fuerzas de seguridad, policiales o del Serv Peniten) - Art.167 bis
Roboagravado(lesiones)Art166Inc1º;Robo agravado (lesiones) - Art.166 Inc.1º
RoboAgravado(mercaderíaentránsito)enrelaciónalart163inc5Art167Inc4º;Robo Agravado (mercadería en tránsito) - en relación al art. 163 inc. 5 - Art.167 Inc.4º
Roboagravado(usodearmadefuegonoaptaparaeldisparo)Art166Inc2ºpárr3ro;Robo agravado (uso de arma de fuego no apta para el disparo) - Art.166 Inc.2º párr. 3ro
Roboagravado(usodearmadeutilería)Art166Inc2ºpárr3ro;Robo agravado (uso de arma de utilería) - Art.166 Inc.2º párr. 3ro
Roboagravado(usodearmasdefuego)Art166Inc2ºpárr2do;Robo agravado (uso de armas de fuego) - Art.166 Inc.2º párr. 2do
Roboagravado(usodearmas)Art166Inc2ºpárr1ro;Robo agravado (uso de armas) - Art.166 Inc.2º párr. 1ro
RoboAgravado(vehículodejadoenlavíapública)enrelaciónalart163inc6Art167Inc4º;Robo Agravado (vehículo dejado en la vía pública) - en relación al art. 163 inc. 6 - Art.167 Inc.4º
SecuestroextorsivoArt170;Secuestro extorsivo - Art.170
SecuestroextorsivoagravadoArt170Inc1º;Secuestro extorsivo agravado - Art.170 Inc.1º
Severidadesvejacionesy/oapremiosilegalesapresosArt144bisInc3º;Severidades vejaciones y/o apremios ilegales a presos - Art.144 bis Inc.3º
Suicidio;Suicidio
SuministroinfieldemedicamentosArt204;Suministro infiel de medicamentos - Art.204
SupresiónodestruccióndedocumentosArt294;Supresión o destrucción de documentos - Art.294
SupresiónysuposicióndelestadocivilydelaidentidadagravadoArt139bis;Supresión y suposición del estado civil y de la identidad agravado - Art.139 bis
Sustracción,retenciónuocultamientodemenordediezañosArt146;Sustracción, retención u ocultamiento de menor de diez años - Art.146
Sustracción,retenciónuocultamientodepersonaArt142bis;Sustracción, retención u ocultamiento de persona - Art.142 bis
Tenenciaderepresentacionessexualesdemenoresde18añosconfinesdedistribuciónocomercializaciónArt128párr2do;Tenencia de representaciones sexuales de menores de 18 años con fines de distribución o comercialización - Art.128 párr. 2do
TenenciailegaldearmadefuegodeusocivilArt189bisInc2ºpárr1ro;Tenencia ilegal de arma de fuego de uso civil - Art.189 bis Inc.2º párr. 1ro
TenenciailegaldearmadeguerraArt189bisInc2ºpárr2do;Tenencia ilegal de arma de guerra - Art.189 bis Inc.2º párr. 2do
TrabajoinfantilArt148bis;Trabajo infantil - Art.148 bis
TratadePersonasmenoresde18añosArt145terinfine;Trata de Personas menores de 18 años - Art.145 ter in fine
TratadePesonasMayoresArt145bis;Trata de Pesonas Mayores - Art.145 bis
TratadePersonasmayoresAgravadaporlaconsumacióndelaexplotaciónArt145terpárr2do;Trata de Personas mayores Agravada por la consumación de la explotación - Art.145 ter párr. 2do
TurbacióndeunactolegítimodeautoridadArt241;Turbación de un acto legítimo de autoridad - Art.241
TurbaciónenlaposesiónotenenciadeuninmuebleArt181Inc3º;Turbación en la posesión o tenencia de un inmueble - Art.181 Inc.3º
UsodedocumentoocertificadofalsooadulteradoArt296;Uso de documento o certificado falso o adulterado - Art.296
UsuraArt175bispárr1ro;Usura - Art.175 bis párr. 1ro
UsuraagravadaporlacalidaddelautorArt175bispárr3ro;Usura agravada por la calidad del autor - Art.175 bis párr. 3ro
UsurpacióndeautoridadArt246;Usurpación de autoridad - Art.246
UsurpacióndeinmuebleArt181Inc1º;Usurpación de inmueble - Art.181 Inc.1º
UsurpacióntítulosuhonoresArt247;Usurpación títulos u honores - Art.247
UtilizaciónconfinesdelucrodeinformacionesodatosreservadosArt2681;Utilización con fines de lucro de informaciones o datos reservados - Art.268 1
Vejacionesy/oapremiosilegalesenactodeservicioArt144bisInc2º;Vejaciones y/o apremios ilegales en acto de servicio - Art.144 bis Inc.2º
VentademedicamentossinautorizaciónArt204quinquies;Venta de medicamentos sin autorización - Art.204 quinquies
ViolacióndecorrespondenciaArt153;Violación de correspondencia - Art.153
ViolacióndedomicilioArt150;Violación de domicilio - Art.150
ViolacióndeelementosprobatoriosArt255;Violación de elementos probatorios - Art.255
ViolacióndeinmunidadesArt221;Violación de inmunidades - Art.221
ViolacióndeleyesdepolicíasanitariaanimalArt206;Violación de leyes de policía sanitaria animal - Art.206
ViolacióndemedidascontraepidemiasArt205;Violación de medidas contra epidemias - Art.205
ViolacióndesecretoArt156;Violación de secreto - Art.156
ViolacióndesellosydocumentosArt254;Violación de sellos y documentos - Art.254
